control_branch_key,parent_id,repeat,exogenous_key,cohort_task_ids,guard_utility,guard_completed_delta,guard_all_task_completed,guard_on_time_physical,guard_on_time_host,guard_energy_used,guard_accepted_count,guard_rejected_count,guard_task_unavailable_count,guard_submit_count,guard_noop_count_from_actions,guard_env_steps,guard_actor_forward_calls,guard_world_forward_calls,R_utility,R_completed_delta,R_all_task_completed,R_on_time_physical,R_on_time_host,R_energy_used,R_accepted_count,R_rejected_count,R_task_unavailable_count,R_submit_count,R_noop_count_from_actions,R_env_steps,R_actor_forward_calls,R_world_forward_calls,guard_minus_R_utility
parent-00|W1|seed-1101|prefix-0|repeat-0|mode-R,parent-00,0,replan-feature-v1|parent-00|W1|0|repeat-0,task-0|task-1,0.34877868659392175,6,6,2,2,6.195314892089662,5,2,0,10,3,10,10,10,0.34155044743565377,6,6,2,2,6.747812098331252,5,6,5,13,2,13,13,13,0.0072282391582678684
parent-00|W1|seed-1101|prefix-0|repeat-1|mode-R,parent-00,1,replan-feature-v1|parent-00|W1|0|repeat-1,task-0|task-1,0.34877868659392175,6,6,2,2,6.195314892089662,5,2,0,10,3,10,10,10,0.34155044743565377,6,6,2,2,6.747812098331252,5,6,5,13,2,13,13,13,0.0072282391582678684
parent-00|W1|seed-1101|prefix-0|repeat-2|mode-R,parent-00,2,replan-feature-v1|parent-00|W1|0|repeat-2,task-0|task-1,0.34877868659392175,6,6,2,2,6.195314892089662,5,2,0,10,3,10,10,10,0.34155044743565377,6,6,2,2,6.747812098331252,5,6,5,13,2,13,13,13,0.0072282391582678684
parent-01|W1|seed-1101|prefix-0|repeat-0|mode-R,parent-01,0,replan-feature-v1|parent-01|W1|0|repeat-0,task-0|task-1,0.22212137734769372,5,5,2,2,6.582856954680537,7,3,0,12,2,12,12,12,0.21748801802946988,5,5,1,1,6.4122265018163915,5,5,5,13,3,13,13,13,0.00463335931822384
parent-01|W1|seed-1101|prefix-0|repeat-1|mode-R,parent-01,1,replan-feature-v1|parent-01|W1|0|repeat-1,task-0|task-1,0.22632034679433483,5,5,2,2,5.7755014361569685,6,4,0,11,1,11,11,11,0.21748801802946988,5,5,1,1,6.4122265018163915,5,5,4,13,3,13,13,13,0.00883232876486495
parent-01|W1|seed-1101|prefix-0|repeat-2|mode-R,parent-01,2,replan-feature-v1|parent-01|W1|0|repeat-2,task-0|task-1,0.10549746177236133,4,4,2,2,6.5259043268822055,6,3,0,16,7,16,16,16,0.21748801802946988,5,5,1,1,6.4122265018163915,5,5,5,13,3,13,13,13,-0.11199055625710855
parent-02|W1|seed-1101|prefix-0|repeat-0|mode-R,parent-02,0,replan-feature-v1|parent-02|W1|0|repeat-0,task-0|task-1,-0.1292668074795937,2,2,2,2,3.9852953030737694,1,2,0,16,13,16,16,16,-0.1331922848332453,2,2,1,1,4.130438522136174,1,2,2,16,13,16,16,16,0.003925477353651563
parent-02|W1|seed-1101|prefix-0|repeat-1|mode-R,parent-02,1,replan-feature-v1|parent-02|W1|0|repeat-1,task-0|task-1,0.34935675177116754,6,6,2,2,5.731596892623401,5,4,0,11,2,11,11,11,0.21796883658414748,5,5,1,1,5.828763008550617,5,7,5,13,1,13,13,13,0.13138791518702003
parent-02|W1|seed-1101|prefix-0|repeat-2|mode-R,parent-02,2,replan-feature-v1|parent-02|W1|0|repeat-2,task-0|task-1,0.34935675177116754,6,6,2,2,5.731596892623401,5,4,0,11,2,11,11,11,0.21796883658414748,5,5,1,1,5.828763008550617,5,7,5,13,1,13,13,13,0.13138791518702003
parent-03|W1|seed-1101|prefix-0|repeat-0|mode-R,parent-03,0,replan-feature-v1|parent-03|W1|0|repeat-0,task-0|task-1,0.34933137597948094,6,6,2,2,5.86050508706597,6,1,0,10,3,10,10,10,0.3419914755049926,6,6,2,2,6.187051767281538,5,7,5,13,1,13,13,13,0.007339900474488459
parent-03|W1|seed-1101|prefix-0|repeat-1|mode-R,parent-03,1,replan-feature-v1|parent-03|W1|0|repeat-1,task-0|task-1,0.2257367584406134,5,5,2,2,5.7269000131469525,6,1,0,10,3,10,10,10,0.3419914755049926,6,6,2,2,6.187051767281538,5,7,5,13,1,13,13,13,-0.11625471706437915
parent-03|W1|seed-1101|prefix-0|repeat-2|mode-R,parent-03,2,replan-feature-v1|parent-03|W1|0|repeat-2,task-0|task-1,0.34800998392781746,6,6,2,2,6.010505087065969,6,2,0,11,3,11,11,11,0.3419914755049926,6,6,2,2,6.187051767281538,5,7,4,13,1,13,13,13,0.006018508422824975
parent-04|W1|seed-1101|prefix-0|repeat-0|mode-R,parent-04,0,replan-feature-v1|parent-04|W1|0|repeat-0,task-0|task-1,0.3426722549213287,6,6,2,2,6.903870004701275,6,2,0,11,3,11,11,11,0.2188761841228551,5,5,1,1,5.9882413663793415,4,6,4,11,1,11,11,11,0.12379607079847357
parent-04|W1|seed-1101|prefix-0|repeat-1|mode-R,parent-04,1,replan-feature-v1|parent-04|W1|0|repeat-1,task-0|task-1,0.3439924421301195,6,6,2,2,6.753870004701277,6,1,0,10,3,10,10,10,0.2209799755116402,5,5,1,1,5.456911865866022,4,6,5,10,0,10,10,10,0.12301246661847931
parent-04|W1|seed-1101|prefix-0|repeat-2|mode-R,parent-04,2,replan-feature-v1|parent-04|W1|0|repeat-2,task-0|task-1,0.3439924421301195,6,6,2,2,6.753870004701277,6,1,0,10,3,10,10,10,0.2188761841228551,5,5,1,1,5.9882413663793415,4,6,5,11,1,11,11,11,0.12511625800726442
parent-05|W1|seed-1101|prefix-0|repeat-0|mode-R,parent-05,0,replan-feature-v1|parent-05|W1|0|repeat-0,task-0|task-1,0.3510200200109261,6,6,2,2,5.538743850502925,5,3,0,11,3,11,11,11,0.22431860835457362,5,5,1,1,5.284201460440169,5,5,5,11,1,11,11,11,0.1267014116563525
parent-05|W1|seed-1101|prefix-0|repeat-1|mode-R,parent-05,1,replan-feature-v1|parent-05|W1|0|repeat-1,task-0|task-1,0.3510200200109261,6,6,2,2,5.538743850502925,5,3,0,11,3,11,11,11,0.22338412566552826,5,5,1,1,4.774601629130885,5,6,4,11,0,11,11,11,0.12763589434539785
parent-05|W1|seed-1101|prefix-0|repeat-2|mode-R,parent-05,2,replan-feature-v1|parent-05|W1|0|repeat-2,task-0|task-1,0.3510200200109261,6,6,2,2,5.538743850502925,5,3,0,11,3,11,11,11,0.22431860835457362,5,5,1,1,5.284201460440169,5,5,5,11,1,11,11,11,0.1267014116563525
parent-06|W1|seed-1101|prefix-0|repeat-0|mode-R,parent-06,0,replan-feature-v1|parent-06|W1|0|repeat-0,task-0|task-1,-0.12646710756776808,2,2,2,2,3.6903738021195807,1,2,0,15,12,15,15,15,-0.1321890072384612,2,2,1,1,3.929791696279146,1,2,1,15,12,15,15,15,0.005721899670693087
parent-06|W1|seed-1101|prefix-0|repeat-1|mode-R,parent-06,1,replan-feature-v1|parent-06|W1|0|repeat-1,task-0|task-1,0.34406675958974536,6,6,2,2,6.786027547176701,6,2,0,12,4,12,12,12,0.21561265539143043,5,5,1,1,6.090799394109673,5,7,5,13,1,13,13,13,0.12845410419831504
parent-06|W1|seed-1101|prefix-0|repeat-2|mode-R,parent-06,2,replan-feature-v1|parent-06|W1|0|repeat-2,task-0|task-1,0.34406675958974536,6,6,2,2,6.786027547176701,6,2,0,12,4,12,12,12,0.2264657646182618,5,5,1,1,5.098392816852119,4,5,5,10,1,10,10,10,0.11760099497148369
parent-07|W1|seed-1101|prefix-0|repeat-0|mode-R,parent-07,0,replan-feature-v1|parent-07|W1|0|repeat-0,task-0|task-1,0.22088709898832193,5,5,2,2,7.036813657833868,7,2,0,14,5,14,14,14,0.22090360862031194,5,5,1,1,5.602925132414331,4,7,5,12,1,12,12,12,-1.6509631990041518e-05
parent-07|W1|seed-1101|prefix-0|repeat-1|mode-R,parent-07,1,replan-feature-v1|parent-07|W1|0|repeat-1,task-0|task-1,0.3390121479859118,6,6,2,2,7.1593942718961685,7,2,0,12,3,12,12,12,0.22090360862031194,5,5,1,1,5.602925132414331,4,7,5,12,1,12,12,12,0.1181085393655999
parent-07|W1|seed-1101|prefix-0|repeat-2|mode-R,parent-07,2,replan-feature-v1|parent-07|W1|0|repeat-2,task-0|task-1,0.3456187234671441,6,6,2,2,6.000589751026567,6,3,0,12,3,12,12,12,0.21585022760165812,5,5,1,1,5.988609065588513,5,7,5,13,1,13,13,13,0.12976849586548597
